chr	start	end	ref	alt	id	nuc.change	prot.change	clnsig
22	42128945	42128945	C	T	31928	CYP2D6*4	NA	Likely benign; drug response; other
22	42129084	42129084	CA	C	31930	CYP2D6*6	NA	Benign/Likely benign; drug response; other
22	42129033	42129033	C	A	31931	505G>T	Gly169Ter	Likely benign; other
22	42130692	42130692	G	A	31932	CYP2D6*10	NA	Likely benign; drug response; other
22	42128242	42128242	CT	C	31933	775del	Arg259fs	Likely benign; other
22	42127941	42127941	G	A	31934	886C>T	Arg296Cys	Benign
22	42126499	42130881	na	na	31935	NC_000022.11:g.(?_42126499)_(42130881_?)dup	NA	drug response
22	42126611	42126611	C	G	38485	1457G>C	Ser486Thr	Benign; other
22	42132375	42132375	G	C	47980	CYP2D6*2A	NA	other
22	42129770	42129770	G	A	47982	CYP2D6*17	NA	Likely benign; other
22	42127803	42127803	C	T	47984	CYP2D6*41	NA	Likely benign; drug response; other
22	42127856	42127856	T	G	47988	971A>C	His324Pro	Likely benign; other
22	42130668	42130668	C	T	47990	124G>A	Gly42Arg	Likely benign; other
22	42129033	42129033	C	T	47999	*264G>A	Gly169Arg	Likely benign; other
22	42130049	42130049	TG	T	172163	181-140del	NA	drug response
22	42126747	42126747	G	A	181379	1321C>T	Arg441Cys	drug response
22	42126749	42126749	C	T	181380	1319G>A	Arg440His	drug response
22	42129170	42129170	C	A	181381	368G>T	Arg123Leu	drug response
22	42127846	42127864	GCACATCCGGATGTAGGATC	G	181493	963_981del	Met321fs	drug response
22	42128308	42128308	C	A	507605	709G>T	Ala237Ser	Benign/Likely benign
22	42126611	42126611	C	C	508193	1457=	Ser486=	Benign/Likely benign
22	42127941	42127941	G	G	508196	886=	Arg296=	Benign/Likely benign
22	42127608	42127608	C	T	589324	1012G>A	Val338Met	Likely benign; other
22	42127941	42127941	na	na	589328	Single allele	NA	other
22	42128174	42128176	CCTT	C	609121	841_843del	Lys281del	Likely benign; other
22	42129042	42129042	T	C	656700	496A>G	Asn166Asp	Likely benign
22	42130654	42130655	C	CA	656701	137dup	Leu47fs	Likely benign
22	42130761	42130761	C	T	656702	31G>A	Val11Met	Likely benign
22	42129910	42129910	C	G	670653	181-1G>C	NA	Likely benign
22	42126146	42126146	C	T	817896	NC_000022.11:g.42126146C>T	NA	drug response
22	42126196	42126196	T	C	817897	NC_000022.11:g.42126196T>C	NA	drug response
22	42126211	42126211	T	C	817898	NC_000022.11:g.42126211T>C	NA	drug response
22	42126233	42126233	A	G	817899	NC_000022.11:g.42126233A>G	NA	drug response
22	42126242	42126242	T	A	817900	NC_000022.11:g.42126242T>A	NA	drug response
22	42126253	42126253	T	C	817901	NC_000022.11:g.42126253T>C	NA	drug response
22	42126310	42126310	C	C	817902	NC_000022.11:g.42126310=	NA	drug response
22	42126336	42126336	A	G	817903	NC_000022.11:g.42126336A>G	NA	drug response
22	42126390	42126390	G	A	817904	NC_000022.11:g.42126390G>A	NA	drug response
22	42126425	42126425	A	T	817905	NC_000022.11:g.42126425A>T	NA	drug response
22	42126462	42126462	G	A	817906	NC_000022.11:g.42126462G>A	NA	drug response
22	42126532	42126532	A	G	817907	*42T>C	NA	drug response
22	42126536	42126536	T	C	817908	*38A>G	NA	drug response
22	42126627	42126627	A	G	817909	1441T>C	Phe481Leu	drug response
22	42126667	42126667	C	T	817910	1401G>A	Ser467=	drug response
22	42126753	42126753	C	T	817911	1316-1G>A	NA	drug response
22	42126803	42126803	T	C	817912	1315+48A>G	NA	drug response
22	42126813	42126813	C	T	817913	1315+38G>A	NA	drug response
22	42126819	42126819	A	G	817914	1315+32T>C	NA	drug response
22	42126865	42126865	A	T	817915	1301T>A	Leu434Gln	drug response
22	42126881	42126881	T	C	817916	1285A>G	Lys429Glu	drug response
22	42126931	42126931	G	A	817917	1235C>T	Pro412Leu	drug response
22	42126944	42126944	C	T	817918	1222G>A	Val408Ile	drug response
22	42127001	42127001	G	G	817919	1174-9=	NA	drug response
22	42127027	42127027	G	A	817920	1174-35C>T	NA	drug response
22	42127169	42127169	C	T	817921	1174-177G>A	NA	drug response
22	42127180	42127180	A	G	817922	1174-188T>C	NA	drug response
22	42127207	42127207	C	C	817923	1174-215=	NA	drug response
22	42127209	42127209	T	C	817924	1174-217A>G	NA	drug response
22	42127214	42127214	T	C	817925	1174-222A>G	NA	drug response
22	42127221	42127221	A	G	817926	1173+226T>C	NA	drug response
22	42127356	42127356	G	T	817927	1173+91C>A	NA	drug response
22	42127375	42127375	C	T	817928	1173+72G>A	NA	drug response
22	42127404	42127404	A	G	817929	1173+43T>C	NA	drug response
22	42127407	42127407	T	T	817930	1173+40=	NA	drug response
22	42127410	42127410	T	C	817931	1173+37A>G	NA	drug response
22	42127462	42127462	G	A	817932	1158C>T	Gly386=	drug response
22	42127503	42127503	C	T	817933	1117G>A	Gly373Ser	drug response
22	42127526	42127526	C	T	817934	1094G>A	Arg365His	drug response
22	42127529	42127529	T	C	817935	1091A>G	Gln364Arg	drug response
22	42127530	42127530	G	A	817936	1090C>T	Gln364Ter	drug response
22	42127801	42127801	T	C	817937	985+41A>G	NA	drug response
22	42127824	42127824	T	G	817938	985+18A>C	NA	drug response
22	42127838	42127838	T	C	817939	985+4A>G	NA	drug response
22	42127885	42127885	C	T	817940	942G>A	Leu314=	drug response
22	42127886	42127886	A	G	817941	941T>C	Leu314Pro	drug response
22	42127891	42127891	G	A	817942	936C>T	Thr312=	drug response
22	42127921	42127921	C	T	817943	906G>A	Leu302=	drug response
22	42127953	42127953	C	T	817944	874G>A	Asp292Asn	drug response
22	42127954	42127954	A	G	817945	873T>C	Asn291=	drug response
22	42127990	42127990	A	G	817946	844-7T>C	NA	drug response
22	42128001	42128001	C	G	817947	844-18G>C	NA	drug response
22	42128012	42128012	C	T	817948	844-29G>A	NA	drug response
22	42128086	42128086	T	C	817949	843+88A>G	NA	drug response
22	42128116	42128116	T	C	817950	843+58A>G	NA	drug response
22	42128128	42128128	C	T	817951	843+46G>A	NA	drug response
22	42128181	42128181	A	T	817952	836T>A	Met279Lys	drug response
22	42128185	42128185	C	T	817953	832G>A	Glu278Lys	drug response
22	42128205	42128205	A	G	817954	812T>C	Leu271Pro	drug response
22	42128216	42128216	G	T	817955	801C>A	Pro267=	drug response
22	42128223	42128223	G	A	817956	794C>T	Ala265Val	drug response
22	42128226	42128226	G	A	817957	791C>T	Pro264Leu	drug response
22	42128249	42128249	A	G	817958	768T>C	Thr256=	drug response
22	42128256	42128256	A	G	817959	761T>C	Leu254Pro	drug response
22	42128262	42128262	T	C	817960	755A>G	Asp252Gly	drug response
22	42128263	42128263	C	T	817961	754G>A	Asp252Asn	drug response
22	42128310	42128310	A	G	817962	707T>C	Leu236Pro	drug response
22	42128321	42128321	A	G	817963	696T>C	His232=	drug response
22	42128325	42128325	A	G	817964	692T>C	Leu231Pro	drug response
22	42128331	42128331	A	G	817965	686T>C	Val229Ala	drug response
22	42128366	42128366	C	T	817966	667-16G>A	NA	drug response
22	42128474	42128474	G	A	817967	667-124C>T	NA	drug response
22	42128500	42128500	C	T	817968	667-150G>A	NA	drug response
22	42128529	42128529	A	G	817969	667-179T>C	NA	drug response
22	42128551	42128551	AT	A	817970	667-201del	NA	drug response
22	42128552	42128552	A	C	817971	667-202T>G	NA	drug response
22	42128555	42128555	A	G	817972	667-205T>C	NA	drug response
22	42128558	42128558	T	A	817973	667-208A>T	NA	drug response
22	42128563	42128563	A	G	817974	667-213T>C	NA	drug response
22	42128570	42128570	G	A	817975	666+214C>T	NA	drug response
22	42128578	42128578	C	T	817976	666+206G>A	NA	drug response
22	42128619	42128619	T	C	817977	666+165A>G	NA	drug response
22	42128667	42128667	T	G	817978	666+117A>C	NA	drug response
22	42128677	42128677	T	C	817979	666+107A>G	NA	drug response
22	42128694	42128694	T	C	817980	666+90A>G	NA	drug response
22	42128705	42128705	C	T	817981	666+79G>A	NA	drug response
22	42128706	42128706	T	C	817982	666+78A>G	NA	drug response
22	42128711	42128711	C	G	817983	666+73G>C	NA	drug response
22	42128741	42128741	G	A	817984	666+43C>T	NA	drug response
22	42128797	42128797	C	T	817985	653G>A	Gly218Asp	drug response
22	42128818	42128818	T	C	817986	632A>G	Glu211Gly	drug response
22	42128876	42128876	C	T	817987	574G>A	Gly192Arg	drug response
22	42128882	42128882	T	C	817988	568A>G	Thr190Ala	drug response
22	42128891	42128891	C	T	817989	559G>A	Ala187Thr	drug response
22	42128915	42128915	C	T	817990	535G>A	Asp179Asn	drug response
22	42128922	42128922	A	G	817991	528T>C	Gly176=	drug response
22	42128929	42128929	G	A	817992	521C>T	Pro174Leu	drug response
22	42128969	42128969	G	A	817993	506-25C>T	NA	drug response
22	42128971	42128971	G	A	817994	506-27C>T	NA	drug response
22	42129006	42129006	C	T	817995	505+27G>A	NA	drug response
22	42129028	42129028	C	T	817996	505+5G>A	NA	drug response
22	42129113	42129113	A	G	817997	425T>C	Leu142Ser	drug response
22	42129116	42129116	T	C	817998	422A>G	Asn141Ser	drug response
22	42129128	42129128	G	A	817999	410C>T	Ser137Phe	drug response
22	42129130	42129130	C	C	818000	408=	Val136=	drug response
22	42129180	42129180	A	G	818001	358T>C	Phe120Leu	drug response
22	42129206	42129206	T	A	818002	353-21A>T	NA	drug response
22	42129266	42129266	C	A	818003	353-81G>T	NA	drug response
22	42129268	42129268	C	A	818004	353-83G>T	NA	drug response
22	42129269	42129269	T	A	818005	353-84A>T	NA	drug response
22	42129292	42129292	T	G	818006	353-107A>C	NA	drug response
22	42129323	42129323	G	A	818007	353-138C>T	NA	drug response
22	42129329	42129329	A	G	818008	353-144T>C	NA	drug response
22	42129340	42129340	T	C	818009	353-155A>G	NA	drug response
22	42129380	42129380	C	T	818010	353-195G>A	NA	drug response
22	42129429	42129429	C	T	818011	353-244G>A	NA	drug response
22	42129430	42129430	A	G	818012	353-245T>C	NA	drug response
22	42129459	42129459	C	T	818013	353-274G>A	NA	drug response
22	42129499	42129499	G	A	818014	352+239C>T	NA	drug response
22	42129567	42129567	C	T	818015	352+171G>A	NA	drug response
22	42129587	42129587	C	T	818016	352+151G>A	NA	drug response
22	42129623	42129623	C	T	818017	352+115G>A	NA	drug response
22	42129646	42129646	C	T	818018	352+92G>A	NA	drug response
22	42129654	42129654	C	T	818019	352+84G>A	NA	drug response
22	42129684	42129684	T	C	818020	352+54A>G	NA	drug response
22	42129690	42129690	C	T	818021	352+48G>A	NA	drug response
22	42129710	42129710	A	G	818022	352+28T>C	NA	drug response
22	42129720	42129720	G	A	818023	352+18C>T	NA	drug response
22	42129723	42129723	C	T	818024	352+15G>A	NA	drug response
22	42129752	42129752	C	T	818025	338G>A	Gly113Glu	drug response
22	42129762	42129762	G	A	818026	328C>T	Leu110=	drug response
22	42129809	42129809	T	C	818027	281A>G	His94Arg	drug response
22	42129812	42129812	G	A	818028	278C>T	Thr93Ile	drug response
22	42129819	42129819	G	T	818029	271C>A	Leu91Met	drug response
22	42129858	42129858	C	T	818030	232G>A	Val78Met	drug response
22	42129921	42129921	G	A	818031	181-12C>T	NA	drug response
22	42129950	42129950	A	A	818032	181-41=	NA	drug response
22	42130013	42130013	A	G	818033	181-104T>C	NA	drug response
22	42130019	42130019	T	C	818034	181-110A>G	NA	drug response
22	42130034	42130034	C	T	818035	181-125G>A	NA	drug response
22	42130039	42130039	T	C	818036	181-130A>G	NA	drug response
22	42130047	42130047	G	G	818037	181-138=	NA	drug response
22	42130060	42130060	G	A	818038	181-151C>T	NA	drug response
22	42130123	42130123	A	G	818039	181-214T>C	NA	drug response
22	42130156	42130156	A	G	818040	181-247T>C	NA	drug response
22	42130160	42130160	T	C	818041	181-251A>G	NA	drug response
22	42130173	42130173	T	C	818042	181-264A>G	NA	drug response
22	42130219	42130219	A	G	818043	181-310T>C	NA	drug response
22	42130256	42130256	T	C	818044	181-347A>G	NA	drug response
22	42130282	42130282	A	G	818045	180+330T>C	NA	drug response
22	42130291	42130291	T	C	818046	180+321A>G	NA	drug response
22	42130294	42130294	T	C	818047	180+318A>G	NA	drug response
22	42130307	42130307	A	G	818048	180+305T>C	NA	drug response
22	42130346	42130346	T	C	818049	180+266A>G	NA	drug response
22	42130466	42130466	A	G	818050	180+146T>C	NA	drug response
22	42130482	42130482	C	C	818051	180+130=	NA	drug response
22	42130488	42130488	C	A	818052	180+124G>T	NA	drug response
22	42130547	42130547	T	T	818053	180+65=	NA	drug response
22	42130559	42130559	T	T	818054	180+53=	NA	drug response
22	42130560	42130560	C	C	818055	180+52=	NA	drug response
22	42130565	42130565	A	A	818056	180+47=	NA	drug response
22	42130569	42130569	G	G	818057	180+43=	NA	drug response
22	42130571	42130571	G	G	818058	180+41=	NA	drug response
22	42130572	42130572	C	T	818059	180+40G>A	NA	drug response
22	42130578	42130578	C	C	818060	180+34=	NA	drug response
22	42130613	42130613	T	C	818061	179A>G	Gln60Arg	drug response
22	42130637	42130637	T	C	818062	155A>G	Gln52Arg	drug response
22	42130647	42130647	C	T	818063	145G>A	Val49Met	Uncertain significance
22	42130712	42130712	T	C	818064	80A>G	Gln27Arg	drug response
22	42130762	42130762	G	A	818065	30C>T	Ala10=	drug response
22	42130772	42130772	A	G	818066	20T>C	Val7Ala	drug response
22	42130861	42130861	C	T	818067	NC_000022.11:g.42130861C>T	NA	drug response
22	42130893	42130893	G	T	818068	NC_000022.11:g.42130893G>T	NA	drug response
22	42130899	42130899	T	C	818069	NC_000022.11:g.42130899T>C	NA	drug response
22	42130934	42130934	T	A	818070	NC_000022.11:g.42130934T>A	NA	drug response
22	42130936	42130936	T	C	818071	NC_000022.11:g.42130936T>C	NA	drug response
22	42130985	42130985	G	A	818072	NC_000022.11:g.42130985G>A	NA	drug response
22	42131020	42131020	G	A	818073	NC_000022.11:g.42131020G>A	NA	drug response
22	42131045	42131045	T	C	818074	NC_000022.11:g.42131045T>C	NA	drug response
22	42131145	42131145	T	C	818075	NC_000022.11:g.42131145T>C	NA	drug response
22	42131155	42131155	C	A	818076	NC_000022.11:g.42131155C>A	NA	drug response
22	42131159	42131159	C	T	818077	NC_000022.11:g.42131159C>T	NA	drug response
22	42131205	42131205	C	T	818078	NC_000022.11:g.42131205C>T	NA	drug response
22	42131213	42131213	C	T	818079	NC_000022.11:g.42131213C>T	NA	drug response
22	42131279	42131279	T	A	818080	NC_000022.11:g.42131279T>A	NA	drug response
22	42131298	42131298	T	C	818081	NC_000022.11:g.42131298T>C	NA	drug response
22	42131314	42131314	C	T	818082	NC_000022.11:g.42131314C>T	NA	drug response
22	42131329	42131329	A	G	818083	NC_000022.11:g.42131329A>G	NA	drug response
22	42131339	42131339	T	A	818084	NC_000022.11:g.42131339T>A	NA	drug response
22	42131351	42131351	T	C	818085	NC_000022.11:g.42131351T>C	NA	drug response
22	42131408	42131408	T	C	818086	NC_000022.11:g.42131408T>C	NA	drug response
22	42131441	42131441	T	C	818087	NC_000022.11:g.42131441T>C	NA	drug response
22	42131453	42131453	G	T	818088	NC_000022.11:g.42131453G>T	NA	drug response
22	42131453	42131453	AG	A	818089	NC_000022.11:g.42131455del	NA	drug response
22	42131469	42131469	C	C	818090	NC_000022.11:g.42131469=	NA	drug response
22	42131470	42131470	G	A	818091	NC_000022.11:g.42131470G>A	NA	drug response
22	42131472	42131472	A	G	818092	NC_000022.11:g.42131472A>G	NA	drug response
22	42131502	42131502	C	T	818093	NC_000022.11:g.42131502C>T	NA	drug response
22	42131531	42131531	G	G	818094	NC_000022.11:g.42131531=	NA	drug response
22	42131560	42131561	TCA	T	818095	NC_000022.11:g.42131560CA[4]	NA	drug response
22	42131617	42131617	T	C	818096	NC_000022.11:g.42131617T>C	NA	drug response
22	42131622	42131622	G	A	818097	NC_000022.11:g.42131622G>A	NA	drug response
22	42131704	42131704	A	T	818098	NC_000022.11:g.42131704A>T	NA	drug response
22	42131721	42131721	A	G	818099	NC_000022.11:g.42131721A>G	NA	drug response
22	42131749	42131749	T	C	818100	NC_000022.11:g.42131749T>C	NA	drug response
22	42131769	42131769	T	C	818101	NC_000022.11:g.42131769T>C	NA	drug response
22	42131780	42131780	T	C	818102	NC_000022.11:g.42131780T>C	NA	drug response
22	42131791	42131791	C	T	818103	NC_000022.11:g.42131791C>T	NA	drug response
22	42131842	42131842	G	A	818104	NC_000022.11:g.42131842G>A	NA	drug response
22	42131885	42131885	AT	A	818105	NC_000022.11:g.42131894del	NA	drug response
22	42132027	42132027	C	C	818106	NC_000022.11:g.42132027=	NA	drug response
22	42132028	42132028	T	C	818107	NC_000022.11:g.42132028T>C	NA	drug response
22	42132029	42132029	T	C	818108	NC_000022.11:g.42132029T>C	NA	drug response
22	42132030	42132030	T	C	818109	NC_000022.11:g.42132030T>C	NA	drug response
22	42132154	42132154	T	C	818110	NC_000022.11:g.42132154T>C	NA	drug response
22	42132217	42132217	G	A	818111	NC_000022.11:g.42132217G>A	NA	drug response
22	42132242	42132242	A	G	818112	NC_000022.11:g.42132242A>G	NA	drug response
22	42132329	42132329	G	A	818113	NC_000022.11:g.42132329G>A	NA	drug response
22	42132350	42132350	T	A	818114	NC_000022.11:g.42132350T>A	NA	drug response
22	42132375	42132375	G	G	818115	NC_000022.11:g.42132375=	NA	drug response
22	42132428	42132428	T	C	818116	NC_000022.11:g.42132428T>C	NA	drug response
22	42132441	42132441	T	C	818117	NC_000022.11:g.42132441T>C	NA	drug response
22	42132479	42132479	C	T	818118	NC_000022.11:g.42132479C>T	NA	drug response
22	42132496	42132496	T	C	818119	NC_000022.11:g.42132496T>C	NA	drug response
22	42132522	42132522	T	C	818120	NC_000022.11:g.42132522T>C	NA	drug response
22	42132546	42132546	A	G	818121	NC_000022.11:g.42132546A>G	NA	drug response
22	42132561	42132561	C	C	818122	NC_000022.11:g.42132561=	NA	drug response
22	42128350	42128350	C	A	2240262	667G>T	Val223Leu	Uncertain significance
22	42126597	42126597	C	T	2266712	1471G>A	Glu491Lys	Uncertain significance
22	42128810	42128810	T	G	2277849	640A>C	Lys214Gln	Uncertain significance
22	42127565	42127565	T	A	2282529	1055A>T	His352Leu	Uncertain significance
22	42127508	42127508	G	A	2309247	1112C>T	Pro371Leu	Uncertain significance
22	42129162	42129162	G	T	2330600	376C>A	Pro126Thr	Uncertain significance
22	42129036	42129036	A	C	2335774	502T>G	Ser168Ala	Likely benign
22	42130716	42130716	G	A	2337564	76C>T	Arg26Cys	Uncertain significance
22	42126682	42126682	C	G	2349326	1386G>C	Gln462His	Uncertain significance
22	42129093	42129093	G	T	2367641	445C>A	Leu149Met	Uncertain significance
22	42127917	42127917	A	G	2378832	910T>C	Ser304Pro	Uncertain significance
22	42129070	42129070	C	G	2435017	468G>C	Glu156Asp	Uncertain significance
22	42128329	42128329	G	A	2435927	688C>T	Leu230Phe	Uncertain significance
22	42129845	42129845	T	G	2440522	245A>C	Asn82Thr	Uncertain significance
22	42128852	42128852	G	A	2459535	598C>T	Pro200Ser	Uncertain significance
22	42128215	42128215	G	T	2463339	802C>A	Pro268Thr	Uncertain significance
22	42127545	42127545	C	T	2674656	1075G>A	Val359Met	Uncertain significance
22	42127476	42127476	T	C	2682100	1144A>G	Ile382Val	Uncertain significance
22	42128338	42128338	C	G	2706600	679G>C	Val227Leu	Uncertain significance
22	42126744	42126744	C	T	2758802	1324G>A	Ala442Thr	Uncertain significance
22	42126736	42126736	G	A	2819614	1332C>T	Leu444=	Likely benign
22	42126963	42126963	C	T	2819615	1203G>A	Ser401=	Likely benign
22	42127556	42127556	T	C	2819616	1064A>G	Tyr355Cys	Likely benign
22	42127611	42127611	C	T	2819617	1009G>A	Asp337Asn	Likely benign
22	42127852	42127852	C	T	2819618	975G>A	Pro325=	Likely benign
22	42129722	42129722	C	T	2819619	352+16G>A	NA	Likely benign
22	42130929	42130929	T	C	2819620	NC_000022.11:g.42130929T>C	NA	Likely benign
22	42141910	42141910	T	G	2819621	801A>C	Pro267=	Likely benign
22	42126925	42126925	C	T	3239684	1241G>A	Arg414His	Uncertain significance
22	42129785	42129785	G	A	3239685	305C>T	Pro102Leu	Uncertain significance
22	42129776	42129776	G	A	3239686	314C>T	Pro105Leu	Uncertain significance
22	42128852	42128852	G	C	3239687	598C>G	Pro200Ala	Uncertain significance
22	42127974	42127974	T	A	3239688	853A>T	Asn285Tyr	Uncertain significance
22	42130698	42130698	G	A	3239689	94C>T	Arg32Cys	Uncertain significance
22	42127869	42127869	G	A	3420149	958C>T	Leu320Phe	Uncertain significance
22	42129776	42129776	G	T	3420150	314C>A	Pro105His	Uncertain significance
22	42130786	42130786	C	G	3548015	6G>C	Gly2=	Likely benign
22	42126878	42126878	G	A	3658254	1288C>T	Pro430Ser	Uncertain significance
22	42127940	42127940	C	T	3658255	887G>A	Arg296His	Uncertain significance
22	42127551	42127551	T	C	3658256	1069A>G	Thr357Ala	Uncertain significance
22	42130676	42130676	G	A	3658257	116C>T	Pro39Leu	Uncertain significance
22	42127612	42127612	G	A	3762690	1008C>T	Asp336=	Likely benign
22	42126918	42126918	G	C	3895201	1248C>G	His416Gln	Uncertain significance
22	42128254	42128254	G	T	3952486	763C>A	Leu255Ile	Likely benign
22	42128214	42128214	G	C	3952487	803C>G	Pro268Arg	Uncertain significance
22	42128229	42128229	T	G	3952489	788A>C	Asp263Ala	Uncertain significance
22	42126905	42126905	G	C	3952490	1261C>G	Leu421Val	Uncertain significance
22	42128292	42128292	C	T	3952491	725G>A	Arg242His	Uncertain significance
22	42127934	42127934	A	C	3952492	893T>G	Val298Gly	Uncertain significance
22	42126920	42126920	G	A	3952493	1246C>T	His416Tyr	Uncertain significance
22	42128900	42128900	T	G	4125985	550A>C	Asn184His	Uncertain significance
22	42130641	42130641	A	G	4125986	151T>C	Phe51Leu	Uncertain significance
22	42129885	42129885	A	G	4125987	205T>C	Phe69Leu	Uncertain significance
22	42130721	42130721	T	C	4125988	71A>G	His24Arg	Uncertain significance
22	42129767	42129767	T	C	4125990	323A>G	Gln108Arg	Uncertain significance
22	42128178	42128178	T	C	4125991	839A>G	Glu280Gly	Uncertain significance
